epoch,step,train/cardinality_error,train/cardinality_error_0,train/cardinality_error_1,train/cardinality_error_enc,train/class_error,train/loss,train/loss_bbox,train/loss_bbox_aux,train/loss_ce,train/loss_ce_aux,train/loss_giou,train/loss_giou_aux,train/lr,train/lr_max,train/lr_min,val/F1,val/ema_mAP_50,val/ema_mAP_50_95,val/ema_mAP_75,val/ema_mAR,val/mAP_50,val/mAP_50_95,val/mAP_75,val/mAR,val/precision,val/recall
0,49,,,,,,,,,,,,,9.999999747378752e-05,9.999999747378752e-05,3.232564267818816e-06,,,,,,,,,,,
0,99,,,,,,,,,,,,,9.999999747378752e-05,9.999999747378752e-05,3.232564267818816e-06,,,,,,,,,,,
0,149,,,,,,,,,,,,,9.999999747378752e-05,9.999999747378752e-05,3.232564267818816e-06,,,,,,,,,,,
0,199,,,,,,,,,,,,,9.999999747378752e-05,9.999999747378752e-05,3.232564267818816e-06,,,,,,,,,,,
0,249,,,,,,,,,,,,,9.999999747378752e-05,9.999999747378752e-05,3.232564267818816e-06,,,,,,,,,,,
0,299,,,,,,,,,,,,,9.999999747378752e-05,9.999999747378752e-05,3.232564267818816e-06,,,,,,,,,,,
0,307,,,,,,,,,,,,,,,,0.9514904022216797,0.9756003618240356,0.6575006246566772,0.7925872802734375,0.7480892539024353,0.9756003618240356,0.6575006246566772,0.7925872802734375,0.7480892539024353,0.9482414722442627,0.9547637104988098
0,307,36.06452941894531,34.261566162109375,35.86749267578125,33.78348159790039,4.921497344970703,4.614160537719727,0.02953427843749523,0.09147392958402634,0.5880562663078308,1.8465315103530884,0.19299642741680145,0.5942701697349548,,,,,,,,,,,,,,
1,349,,,,,,,,,,,,,9.999999747378752e-05,9.999999747378752e-05,3.232564267818816e-06,,,,,,,,,,,
1,399,,,,,,,,,,,,,9.999999747378752e-05,9.999999747378752e-05,3.232564267818816e-06,,,,,,,,,,,
1,449,,,,,,,,,,,,,9.999999747378752e-05,9.999999747378752e-05,3.232564267818816e-06,,,,,,,,,,,
1,499,,,,,,,,,,,,,9.999999747378752e-05,9.999999747378752e-05,3.232564267818816e-06,,,,,,,,,,,
1,549,,,,,,,,,,,,,9.999999747378752e-05,9.999999747378752e-05,3.232564267818816e-06,,,,,,,,,,,
1,599,,,,,,,,,,,,,9.999999747378752e-05,9.999999747378752e-05,3.232564267818816e-06,,,,,,,,,,,
1,615,,,,,,,,,,,,,,,,0.9541817903518677,0.9783185124397278,0.6691303253173828,0.8013479113578796,0.7499665021896362,0.9783185124397278,0.6691303253173828,0.8013479113578796,0.7499665021896362,0.9506775736808777,0.9579073190689087
1,615,40.24269485473633,38.91659927368164,40.203125,39.41172790527344,0.5335481762886047,4.049246788024902,0.02548046037554741,0.08070317655801773,0.49909672141075134,1.5623538494110107,0.17733316123485565,0.5511058568954468,,,,,,,,,,,,,,
2,649,,,,,,,,,,,,,9.999999747378752e-05,9.999999747378752e-05,3.232564267818816e-06,,,,,,,,,,,
2,699,,,,,,,,,,,,,9.999999747378752e-05,9.999999747378752e-05,3.232564267818816e-06,,,,,,,,,,,
2,749,,,,,,,,,,,,,9.999999747378752e-05,9.999999747378752e-05,3.232564267818816e-06,,,,,,,,,,,
2,799,,,,,,,,,,,,,9.999999747378752e-05,9.999999747378752e-05,3.232564267818816e-06,,,,,,,,,,,
2,849,,,,,,,,,,,,,9.999999747378752e-05,9.999999747378752e-05,3.232564267818816e-06,,,,,,,,,,,
2,899,,,,,,,,,,,,,9.999999747378752e-05,9.999999747378752e-05,3.232564267818816e-06,,,,,,,,,,,
2,923,,,,,,,,,,,,,,,,0.9553887248039246,0.9785848259925842,0.6745577454566956,0.8106223940849304,0.7514570355415344,0.9785848259925842,0.6745577454566956,0.8106223940849304,0.7514570355415344,0.9527941346168518,0.958094596862793
2,923,40.1767463684082,39.31513977050781,40.14813232421875,39.76359558105469,0.6011202335357666,3.946660041809082,0.024776002392172813,0.07766669243574142,0.4898870885372162,1.5193016529083252,0.17444562911987305,0.5381814241409302,,,,,,,,,,,,,,
3,949,,,,,,,,,,,,,9.999999747378752e-05,9.999999747378752e-05,3.232564267818816e-06,,,,,,,,,,,
3,999,,,,,,,,,,,,,9.999999747378752e-05,9.999999747378752e-05,3.232564267818816e-06,,,,,,,,,,,
3,1049,,,,,,,,,,,,,9.999999747378752e-05,9.999999747378752e-05,3.232564267818816e-06,,,,,,,,,,,
3,1099,,,,,,,,,,,,,9.999999747378752e-05,9.999999747378752e-05,3.232564267818816e-06,,,,,,,,,,,
3,1149,,,,,,,,,,,,,9.999999747378752e-05,9.999999747378752e-05,3.232564267818816e-06,,,,,,,,,,,
3,1199,,,,,,,,,,,,,9.999999747378752e-05,9.999999747378752e-05,3.232564267818816e-06,,,,,,,,,,,
3,1231,,,,,,,,,,,,,,,,0.9554803371429443,0.9799001812934875,0.6763509511947632,0.8123915791511536,0.7521530389785767,0.9799001812934875,0.6763509511947632,0.8123915791511536,0.7521530389785767,0.9558675289154053,0.9551854729652405
3,1231,40.212257385253906,39.46895217895508,40.249595642089844,39.88007354736328,0.4448148012161255,3.87619686126709,0.02434726059436798,0.07644365727901459,0.4807913601398468,1.4943104982376099,0.1707746386528015,0.5277940630912781,,,,,,,,,,,,,,
4,1249,,,,,,,,,,,,,9.999999747378752e-05,9.999999747378752e-05,3.232564267818816e-06,,,,,,,,,,,
4,1299,,,,,,,,,,,,,9.999999747378752e-05,9.999999747378752e-05,3.232564267818816e-06,,,,,,,,,,,
4,1349,,,,,,,,,,,,,9.999999747378752e-05,9.999999747378752e-05,3.232564267818816e-06,,,,,,,,,,,
4,1399,,,,,,,,,,,,,9.999999747378752e-05,9.999999747378752e-05,3.232564267818816e-06,,,,,,,,,,,
4,1449,,,,,,,,,,,,,9.999999747378752e-05,9.999999747378752e-05,3.232564267818816e-06,,,,,,,,,,,
4,1499,,,,,,,,,,,,,9.999999747378752e-05,9.999999747378752e-05,3.232564267818816e-06,,,,,,,,,,,
4,1539,,,,,,,,,,,,,,,,0.9542545080184937,0.9800606966018677,0.6774263381958008,0.813713550567627,0.7536734938621521,0.9800606966018677,0.6774263381958008,0.813713550567627,0.7536734938621521,0.9422045946121216,0.9667724370956421
4,1539,40.33563232421875,39.461849212646484,40.225040435791016,39.87743377685547,0.4871289134025574,3.8734705448150635,0.02390187792479992,0.07511694729328156,0.4804426431655884,1.5024839639663696,0.1706211119890213,0.5271033048629761,,,,,,,,,,,,,,
5,1549,,,,,,,,,,,,,9.999999747378752e-05,9.999999747378752e-05,3.232564267818816e-06,,,,,,,,,,,
5,1599,,,,,,,,,,,,,9.999999747378752e-05,9.999999747378752e-05,3.232564267818816e-06,,,,,,,,,,,
5,1649,,,,,,,,,,,,,9.999999747378752e-05,9.999999747378752e-05,3.232564267818816e-06,,,,,,,,,,,
5,1699,,,,,,,,,,,,,9.999999747378752e-05,9.999999747378752e-05,3.232564267818816e-06,,,,,,,,,,,
5,1749,,,,,,,,,,,,,9.999999747378752e-05,9.999999747378752e-05,3.232564267818816e-06,,,,,,,,,,,
5,1799,,,,,,,,,,,,,9.999999747378752e-05,9.999999747378752e-05,3.232564267818816e-06,,,,,,,,,,,
5,1847,,,,,,,,,,,,,,,,0.9531785845756531,0.9800021648406982,0.6781567931175232,0.8144717812538147,0.7503984570503235,0.9800021648406982,0.6781567931175232,0.8144717812538147,0.7503984570503235,0.9515964388847351,0.9548517465591431
5,1847,40.10491180419922,39.263999938964844,40.029422760009766,39.70758819580078,0.4852828085422516,3.8454740047454834,0.02380554750561714,0.07481110841035843,0.476346492767334,1.486716389656067,0.1698719710111618,0.5247916579246521,,,,,,,,,,,,,,
6,1849,,,,,,,,,,,,,9.999999747378752e-05,9.999999747378752e-05,3.232564267818816e-06,,,,,,,,,,,
6,1899,,,,,,,,,,,,,9.999999747378752e-05,9.999999747378752e-05,3.232564267818816e-06,,,,,,,,,,,
6,1949,,,,,,,,,,,,,9.999999747378752e-05,9.999999747378752e-05,3.232564267818816e-06,,,,,,,,,,,
6,1999,,,,,,,,,,,,,9.999999747378752e-05,9.999999747378752e-05,3.232564267818816e-06,,,,,,,,,,,
6,2049,,,,,,,,,,,,,9.999999747378752e-05,9.999999747378752e-05,3.232564267818816e-06,,,,,,,,,,,
6,2099,,,,,,,,,,,,,9.999999747378752e-05,9.999999747378752e-05,3.232564267818816e-06,,,,,,,,,,,
6,2149,,,,,,,,,,,,,9.999999747378752e-05,9.999999747378752e-05,3.232564267818816e-06,,,,,,,,,,,
6,2155,,,,,,,,,,,,,,,,0.954247772693634,0.979497492313385,0.6789219379425049,0.8131194114685059,0.7518754005432129,0.979497492313385,0.6789219379425049,0.8131194114685059,0.7518754005432129,0.9592999219894409,0.9492989778518677
6,2155,40.50324630737305,39.60166549682617,40.34111022949219,40.20008087158203,0.3854854106903076,3.769239664077759,0.023340979591012,0.07309535890817642,0.4700145423412323,1.4532884359359741,0.16716642677783966,0.5147117376327515,,,,,,,,,,,,,,
7,2199,,,,,,,,,,,,,9.999999747378752e-05,9.999999747378752e-05,3.232564267818816e-06,,,,,,,,,,,
7,2249,,,,,,,,,,,,,9.999999747378752e-05,9.999999747378752e-05,3.232564267818816e-06,,,,,,,,,,,
7,2299,,,,,,,,,,,,,9.999999747378752e-05,9.999999747378752e-05,3.232564267818816e-06,,,,,,,,,,,
7,2349,,,,,,,,,,,,,9.999999747378752e-05,9.999999747378752e-05,3.232564267818816e-06,,,,,,,,,,,
7,2399,,,,,,,,,,,,,9.999999747378752e-05,9.999999747378752e-05,3.232564267818816e-06,,,,,,,,,,,
7,2449,,,,,,,,,,,,,9.999999747378752e-05,9.999999747378752e-05,3.232564267818816e-06,,,,,,,,,,,
7,2463,,,,,,,,,,,,,,,,0.9551753997802734,0.9792632460594177,0.679675281047821,0.8089281916618347,0.7503946423530579,0.9792632460594177,0.679675281047821,0.8089281916618347,0.7503946423530579,0.9517992734909058,0.9586355090141296
7,2463,40.64793014526367,39.97889709472656,40.48823165893555,40.36546325683594,0.41304701566696167,3.7373969554901123,0.022922005504369736,0.07199539989233017,0.4655490815639496,1.4399464130401611,0.1658180207014084,0.5128394961357117,,,,,,,,,,,,,,
8,2499,,,,,,,,,,,,,9.999999747378752e-05,9.999999747378752e-05,3.232564267818816e-06,,,,,,,,,,,
8,2549,,,,,,,,,,,,,9.999999747378752e-05,9.999999747378752e-05,3.232564267818816e-06,,,,,,,,,,,
8,2599,,,,,,,,,,,,,9.999999747378752e-05,9.999999747378752e-05,3.232564267818816e-06,,,,,,,,,,,
8,2649,,,,,,,,,,,,,9.999999747378752e-05,9.999999747378752e-05,3.232564267818816e-06,,,,,,,,,,,
8,2699,,,,,,,,,,,,,9.999999747378752e-05,9.999999747378752e-05,3.232564267818816e-06,,,,,,,,,,,
8,2749,,,,,,,,,,,,,9.999999747378752e-05,9.999999747378752e-05,3.232564267818816e-06,,,,,,,,,,,
8,2771,,,,,,,,,,,,,,,,0.9560173153877258,0.9795116782188416,0.681586742401123,0.814190685749054,0.7529616355895996,0.9795116782188416,0.681586742401123,0.814190685749054,0.7529616355895996,0.9595581889152527,0.9525033831596375
8,2771,40.30479049682617,39.78936767578125,40.25324630737305,40.13473892211914,0.369202196598053,3.729184627532959,0.022936809808015823,0.07171188294887543,0.46642452478408813,1.4395778179168701,0.16549921035766602,0.5094706416130066,,,,,,,,,,,,,,
9,2799,,,,,,,,,,,,,9.999999747378752e-05,9.999999747378752e-05,3.232564267818816e-06,,,,,,,,,,,
9,2849,,,,,,,,,,,,,9.999999747378752e-05,9.999999747378752e-05,3.232564267818816e-06,,,,,,,,,,,
9,2899,,,,,,,,,,,,,9.999999747378752e-05,9.999999747378752e-05,3.232564267818816e-06,,,,,,,,,,,
9,2949,,,,,,,,,,,,,9.999999747378752e-05,9.999999747378752e-05,3.232564267818816e-06,,,,,,,,,,,
9,2999,,,,,,,,,,,,,9.999999747378752e-05,9.999999747378752e-05,3.232564267818816e-06,,,,,,,,,,,
9,3049,,,,,,,,,,,,,9.999999747378752e-05,9.999999747378752e-05,3.232564267818816e-06,,,,,,,,,,,
9,3079,,,,,,,,,,,,,,,,0.9550648331642151,0.979144275188446,0.6819385886192322,0.814939558506012,0.749725341796875,0.979144275188446,0.6819385886192322,0.814939558506012,0.749725341796875,0.9618502855300903,0.9484044909477234
9,3079,40.423702239990234,39.95698165893555,40.333805084228516,40.38270950317383,0.2802637219429016,3.677194118499756,0.02242901735007763,0.07021551579236984,0.4581648111343384,1.4204344749450684,0.1636236011981964,0.5040630102157593,,,,,,,,,,,,,,
10,3099,,,,,,,,,,,,,9.999999747378752e-05,9.999999747378752e-05,3.232564267818816e-06,,,,,,,,,,,
10,3149,,,,,,,,,,,,,9.999999747378752e-05,9.999999747378752e-05,3.232564267818816e-06,,,,,,,,,,,
10,3199,,,,,,,,,,,,,9.999999747378752e-05,9.999999747378752e-05,3.232564267818816e-06,,,,,,,,,,,
10,3249,,,,,,,,,,,,,9.999999747378752e-05,9.999999747378752e-05,3.232564267818816e-06,,,,,,,,,,,
10,3299,,,,,,,,,,,,,9.999999747378752e-05,9.999999747378752e-05,3.232564267818816e-06,,,,,,,,,,,
10,3349,,,,,,,,,,,,,9.999999747378752e-05,9.999999747378752e-05,3.232564267818816e-06,,,,,,,,,,,
10,3387,,,,,,,,,,,,,,,,0.9565340280532837,0.9792162775993347,0.6809856295585632,0.8163758516311646,0.7511484026908875,0.9792162775993347,0.6809856295585632,0.8163758516311646,0.7511484026908875,0.9543734788894653,0.9587533473968506
10,3387,40.27516174316406,39.733970642089844,40.24188232421875,40.001216888427734,0.27049878239631653,3.7124502658843994,0.022548027336597443,0.07125808298587799,0.46046045422554016,1.436455488204956,0.16406561434268951,0.5091865658760071,,,,,,,,,,,,,,
11,3399,,,,,,,,,,,,,9.999999747378752e-05,9.999999747378752e-05,3.232564267818816e-06,,,,,,,,,,,
11,3449,,,,,,,,,,,,,9.999999747378752e-05,9.999999747378752e-05,3.232564267818816e-06,,,,,,,,,,,
11,3499,,,,,,,,,,,,,9.999999747378752e-05,9.999999747378752e-05,3.232564267818816e-06,,,,,,,,,,,
11,3549,,,,,,,,,,,,,9.999999747378752e-05,9.999999747378752e-05,3.232564267818816e-06,,,,,,,,,,,
11,3599,,,,,,,,,,,,,9.999999747378752e-05,9.999999747378752e-05,3.232564267818816e-06,,,,,,,,,,,
11,3649,,,,,,,,,,,,,9.999999747378752e-05,9.999999747378752e-05,3.232564267818816e-06,,,,,,,,,,,
11,3695,,,,,,,,,,,,,,,,0.9541067481040955,0.9783989191055298,0.6815563440322876,0.8202747702598572,0.7526343464851379,0.9783989191055298,0.6815563440322876,0.8202747702598572,0.7526343464851379,0.9483687877655029,0.9600014090538025
11,3695,40.40422058105469,39.88453674316406,40.365665435791016,40.29159927368164,0.35827237367630005,3.6488335132598877,0.02211395837366581,0.06932570785284042,0.4571099281311035,1.416709065437317,0.16125346720218658,0.4976574182510376,,,,,,,,,,,,,,
12,3699,,,,,,,,,,,,,9.999999747378752e-05,9.999999747378752e-05,3.232564267818816e-06,,,,,,,,,,,
12,3749,,,,,,,,,,,,,9.999999747378752e-05,9.999999747378752e-05,3.232564267818816e-06,,,,,,,,,,,
12,3799,,,,,,,,,,,,,9.999999747378752e-05,9.999999747378752e-05,3.232564267818816e-06,,,,,,,,,,,
12,3849,,,,,,,,,,,,,9.999999747378752e-05,9.999999747378752e-05,3.232564267818816e-06,,,,,,,,,,,
12,3899,,,,,,,,,,,,,9.999999747378752e-05,9.999999747378752e-05,3.232564267818816e-06,,,,,,,,,,,
12,3949,,,,,,,,,,,,,9.999999747378752e-05,9.999999747378752e-05,3.232564267818816e-06,,,,,,,,,,,
12,3999,,,,,,,,,,,,,9.999999747378752e-05,9.999999747378752e-05,3.232564267818816e-06,,,,,,,,,,,
12,4003,,,,,,,,,,,,,,,,0.9550556540489197,0.9791046977043152,0.6839889287948608,0.8190410137176514,0.7582087516784668,0.9791046977043152,0.6839889287948608,0.8190410137176514,0.7582087516784668,0.9519944190979004,0.9582124948501587
12,4003,40.34841537475586,39.80073165893555,40.274757385253906,40.2025146484375,0.322376012802124,3.616940975189209,0.02197377011179924,0.06872768700122833,0.45343583822250366,1.3992668390274048,0.16043835878372192,0.4949275553226471,,,,,,,,,,,,,,
13,4049,,,,,,,,,,,,,9.999999747378752e-05,9.999999747378752e-05,3.232564267818816e-06,,,,,,,,,,,
13,4099,,,,,,,,,,,,,9.999999747378752e-05,9.999999747378752e-05,3.232564267818816e-06,,,,,,,,,,,
13,4149,,,,,,,,,,,,,9.999999747378752e-05,9.999999747378752e-05,3.232564267818816e-06,,,,,,,,,,,
13,4199,,,,,,,,,,,,,9.999999747378752e-05,9.999999747378752e-05,3.232564267818816e-06,,,,,,,,,,,
13,4249,,,,,,,,,,,,,9.999999747378752e-05,9.999999747378752e-05,3.232564267818816e-06,,,,,,,,,,,
13,4299,,,,,,,,,,,,,9.999999747378752e-05,9.999999747378752e-05,3.232564267818816e-06,,,,,,,,,,,
13,4311,,,,,,,,,,,,,,,,0.9551247358322144,0.9789301753044128,0.6824313998222351,0.814814031124115,0.7505969405174255,0.9789301753044128,0.6824313998222351,0.814814031124115,0.7505969405174255,0.9519856572151184,0.9583501815795898
13,4311,40.913150787353516,40.32366180419922,40.81980514526367,40.849430084228516,0.22243495285511017,3.599046468734741,0.021760322153568268,0.06832276284694672,0.4485921859741211,1.3942373991012573,0.15956886112689972,0.49333229660987854,,,,,,,,,,,,,,
14,4349,,,,,,,,,,,,,9.999999747378752e-05,9.999999747378752e-05,3.232564267818816e-06,,,,,,,,,,,
14,4399,,,,,,,,,,,,,9.999999747378752e-05,9.999999747378752e-05,3.232564267818816e-06,,,,,,,,,,,
14,4449,,,,,,,,,,,,,9.999999747378752e-05,9.999999747378752e-05,3.232564267818816e-06,,,,,,,,,,,
14,4499,,,,,,,,,,,,,9.999999747378752e-05,9.999999747378752e-05,3.232564267818816e-06,,,,,,,,,,,
14,4549,,,,,,,,,,,,,9.999999747378752e-05,9.999999747378752e-05,3.232564267818816e-06,,,,,,,,,,,
14,4599,,,,,,,,,,,,,9.999999747378752e-05,9.999999747378752e-05,3.232564267818816e-06,,,,,,,,,,,
14,4619,,,,,,,,,,,,,,,,0.9537225365638733,0.9775412082672119,0.6832690834999084,0.8148415088653564,0.7565881013870239,0.9775412082672119,0.6832690834999084,0.8148415088653564,0.7565881013870239,0.9545081257820129,0.9529648423194885
14,4619,40.87134552001953,40.359779357910156,40.795860290527344,40.704139709472656,0.24728423357009888,3.5745227336883545,0.02163062058389187,0.06803598999977112,0.44639432430267334,1.3824305534362793,0.15889523923397064,0.4897839426994324,,,,,,,,,,,,,,
